<?xml version="1.0" ?>
<LOG_ROOT>
	<PROJECT NAME="redgreen">
		<CBX_INST_ENTRY INSTANCE_NAME="|redgreen|mainbody:inst1|lpm_divide:Div2" CBX_FILE_NAME="lpm_divide_4so.tdf"/>
		<CBX_INST_ENTRY INSTANCE_NAME="|redgreen|mainbody:inst1|lpm_divide:Div6" CBX_FILE_NAME="lpm_divide_4so.tdf"/>
		<CBX_INST_ENTRY INSTANCE_NAME="|redgreen|mainbody:inst1|lpm_divide:Mod1" CBX_FILE_NAME="lpm_divide_a5m.tdf"/>
		<CBX_INST_ENTRY INSTANCE_NAME="|redgreen|mainbody:inst1|lpm_divide:Mod5" CBX_FILE_NAME="lpm_divide_a5m.tdf"/>
		<CBX_INST_ENTRY INSTANCE_NAME="|redgreen|mainbody:inst1|lpm_divide:Div3" CBX_FILE_NAME="lpm_divide_4so.tdf"/>
		<CBX_INST_ENTRY INSTANCE_NAME="|redgreen|mainbody:inst1|lpm_divide:Div7" CBX_FILE_NAME="lpm_divide_2dm.tdf"/>
		<CBX_INST_ENTRY INSTANCE_NAME="|redgreen|mainbody:inst1|lpm_divide:Mod2" CBX_FILE_NAME="lpm_divide_a5m.tdf"/>
		<CBX_INST_ENTRY INSTANCE_NAME="|redgreen|mainbody:inst1|lpm_divide:Div0" CBX_FILE_NAME="lpm_divide_4so.tdf"/>
		<CBX_INST_ENTRY INSTANCE_NAME="|redgreen|mainbody:inst1|lpm_divide:Div4" CBX_FILE_NAME="lpm_divide_2dm.tdf"/>
		<CBX_INST_ENTRY INSTANCE_NAME="|redgreen|mainbody:inst1|lpm_divide:Mod3" CBX_FILE_NAME="lpm_divide_a5m.tdf"/>
		<CBX_INST_ENTRY INSTANCE_NAME="|redgreen|mainbody:inst1|lpm_divide:Div1" CBX_FILE_NAME="lpm_divide_2dm.tdf"/>
		<CBX_INST_ENTRY INSTANCE_NAME="|redgreen|mainbody:inst1|lpm_divide:Div5" CBX_FILE_NAME="lpm_divide_2dm.tdf"/>
		<CBX_INST_ENTRY INSTANCE_NAME="|redgreen|mainbody:inst1|lpm_divide:Mod0" CBX_FILE_NAME="lpm_divide_a5m.tdf"/>
	</PROJECT>
</LOG_ROOT>
